country,isonum,isocode,rank_soci2007,rank_soci2008,rank_soci2009,rank_soci2010,rank_soci2011,rank_soci2012,rank_soci2013,rank_soci2014,rank_soci2015,rank_soci2016,soci2007,soci2008,soci2009,soci2010,soci2011,soci2012,soci2013,soci2014,soci2015,soci2016
Afghanistan,4,AFG,144,145,133,138,145,126,146,147,145,145,37.69165802001953,37.69165802001953,41.0552978515625,40.482887268066406,38.71015930175781,41.8919792175293,37.8919792175293,35.07379150390625,39.71015930175781,39.71015930175781
Angola,24,AGO,107,89,92,95,90,144,125,137,142,142,44.95454406738281,46.542911529541016,46.542911529541016,46.542911529541016,46.542911529541016,39.186363220214844,43.77727127075195,41.095455169677734,41.095455169677734,41.095455169677734
Albania,8,ALB,124,125,125,142,124,122,114,111,106,106,41.7406120300293,41.7406120300293,41.82870864868164,39.46506881713867,41.96506881713867,42.646888732910156,44.71112060546875,45.438392639160156,46.529296875,46.529296875
United Arab Emirates,784,ARE,51,48,52,43,45,51,34,28,25,25,52.18182373046875,52.18182373046875,52.18182373046875,53.181819915771484,52.909095764160156,52.27273178100586,55.272727966308594,57.454551696777344,57.954551696777344,57.954551696777344
Argentina,32,ARG,78,79,67,68,73,72,62,75,57,57,48.40077209472656,48.53713607788086,50.23413848876953,50.415958404541016,49.38413619995117,49.747772216796875,51.20241165161133,48.79331970214844,51.96870422363281,51.96870422363281
Armenia,51,ARM,109,126,142,145,144,136,140,134,141,141,44.636024475097656,41.636024475097656,39.317848205566406,38.27238845825195,39.18147659301758,40.96147537231445,41.188751220703125,41.55238723754883,41.50693130493164,41.50693130493164
Australia,36,AUS,1,3,1,1,1,4,5,5,2,2,67.8072738647461,67.21636962890625,67.21636962890625,68.23727416992188,68.82818603515625,65.69181823730469,65.555908203125,65.96500396728516,67.60136413574219,67.60136413574219
Austria,40,AUT,2,2,10,8,9,5,11,15,15,15,67.20408630371094,67.2186279296875,62.30954360961914,64.44590759277344,63.94590759277344,65.49136352539062,63.904998779296875,61.85954666137695,61.768638610839844,61.768638610839844
Azerbaijan,31,AZE,139,112,116,140,133,123,138,130,133,133,39.45774841308594,42.91230010986328,42.77593231201172,39.56654357910156,40.61199951171875,42.61199951171875,41.839271545410156,42.33927536010742,42.93018341064453,42.93018341064453
Burundi,108,BDI,147,148,148,148,146,146,145,146,149,149,34.53563690185547,34.53563690185547,36.03563690185547,35.65200424194336,38.152000427246094,38.152000427246094,38.152000427246094,36.061092376708984,35.000274658203125,35.000274658203125
Belgium,56,BEL,18,19,20,21,23,32,27,24,24,24,59.49873352050781,58.1805534362793,58.1805534362793,58.013553619384766,57.46809768676758,55.8771858215332,57.104461669921875,59.06513977050781,58.4742317199707,58.4742317199707
Benin,204,BEN,145,146,146,147,147,143,133,142,147,147,36.403934478759766,36.403934478759766,36.403934478759766,36.403934478759766,36.22211456298828,39.81302261352539,42.813026428222656,39.58574676513672,36,36
Burkina Faso,854,BFA,127,121,122,108,121,113,101,95,79,79,41.55522918701172,42.00977325439453,42.00977325439453,44.55522537231445,42.373409271240234,43.72636413574219,46.089996337890625,46.499088287353516,48.89854431152344,48.89854431152344
Bangladesh,50,BGD,112,129,136,92,97,102,103,126,122,122,43.49972915649414,41.0932731628418,40.86113739013672,46.63386535644531,45.45204544067383,44.77022933959961,45.71281814575195,42.92061996459961,44.19334411621094,44.19334411621094
Bulgaria,100,BGR,116,113,115,119,111,103,128,109,111,111,42.635093688964844,42.635093688964844,42.84581756591797,43.39126968383789,43.52763748168945,44.573097229003906,43.402984619140625,45.840797424316406,46.15897750854492,46.15897750854492
Bahrain,48,BHR,42,37,40,66,78,77,46,57,56,56,53.04727554321289,53.04727554321289,53.04727554321289,50.53409194946289,49.0772705078125,49.409088134765625,53.590911865234375,51.8636360168457,52.318180084228516,52.318180084228516
Belarus,112,BLR,135,134,114,100,108,117,111,129,121,121,40.6600456237793,40.7504997253418,42.886863708496094,45.84141159057617,43.705047607421875,43.233184814453125,44.915000915527344,42.415000915527344,44.415000915527344,44.415000915527344
Belize,84,BLZ,69,66,71,71,69,71,72,83,91,91,50.025821685791016,49.93008804321289,49.93008804321289,49.93008804321289,49.93008804321289,49.766456604003906,49.766456604003906,47.99372482299805,47.99372482299805,47.99372482299805
Bolivia,68,BOL,74,84,82,97,77,57,69,63,72,72,49.45723342895508,47.502685546875,47.83489227294922,46.198524475097656,49.10761642456055,51.198524475097656,50.01670837402344,51.28784942626953,49.69693374633789,49.69693374633789
Brazil,76,BRA,41,51,53,53,50,67,67,85,52,52,53.179229736328125,51.72468566894531,52.088321685791016,51.98600387573242,52.62236785888672,50.39509582519531,50.076908111572266,47.888179779052734,52.93363952636719,52.93363952636719
Botswana,72,BWA,52,49,51,51,59,65,55,38,41,41,52.1627311706543,52.1627311706543,52.18359375,52.27450180053711,50.91086196899414,50.456321716308594,51.910865783691406,55.83068084716797,54.876136779785156,54.876136779785156
Central African Republic,140,CAF,75,74,74,112,134,140,141,138,143,143,49.44056701660156,49.44056701660156,49.44056701660156,44.21329879760742,40.569183349609375,40.569183349609375,40.70817947387695,40.70817947387695,40.70817947387695,40.70817947387695
Canada,124,CAN,4,6,5,6,4,3,3,2,3,3,65.7699966430664,65.52363586425781,64.75090789794922,64.97817993164062,65.95954895019531,66.41409301757812,67.05046081542969,66.7777328491211,66.2322769165039,66.2322769165039
Switzerland,756,CHE,13,14,14,16,13,9,12,16,16,16,61.28546142578125,61.28546142578125,61.28546142578125,61.28546142578125,61.322731018066406,63.231815338134766,63.231815338134766,61.095458984375,61.64091110229492,61.64091110229492
Chile,152,CHL,38,46,46,41,39,30,49,47,63,63,53.621368408203125,52.257728576660156,52.53045654296875,53.439544677734375,53.98500061035156,56.121368408203125,52.82954406738281,53.96590805053711,51.147727966308594,51.147727966308594
China,156,CHN,134,142,138,133,132,132,123,136,140,140,40.90909194946289,39.95454788208008,40.3636360168457,41.18181610107422,40.63636779785156,41.45454406738281,43.909088134765625,41.18181610107422,41.54545211791992,41.54545211791992
Ivory Coast,384,CIV,138,143,140,141,131,137,107,123,118,118,40.216819763183594,39.5,39.5,39.5,40.663272857666016,40.663272857666016,45.39054489135742,44.16327667236328,44.936004638671875,44.936004638671875
Cameroon,120,CMR,88,92,96,83,84,92,66,76,80,80,47.527408599853516,46.11832046508789,45.936500549316406,48.118316650390625,47.98196029663086,46.527408599853516,50.501678466796875,48.774410247802734,48.865318298339844,48.865318298339844
Democratic Republic of Congo,180,COD,131,128,131,132,139,127,129,127,131,131,41.21443176269531,41.21443176269531,41.21443176269531,41.21443176269531,40.19488525390625,41.694889068603516,43.285797119140625,42.83124923706055,43.37670135498047,43.37670135498047
Congo,178,COG,137,139,137,143,123,141,139,133,128,128,40.400360107421875,40.400360107421875,40.400360107421875,39.45454406738281,42.31818389892578,40.36363983154297,41.772727966308594,42.181819915771484,43.8636360168457,43.8636360168457
Colombia,170,COL,37,39,43,37,36,28,45,52,64,64,53.92802429199219,52.92802429199219,52.74620819091797,54.14488983154297,54.59943389892578,56.69034194946289,53.59943389892578,53.32014083862305,51.092864990234375,51.092864990234375
Comoros,174,COM,122,123,123,91,102,101,113,116,93,93,41.86363220214844,41.86363220214844,41.86363220214844,46.81818389892578,45.13636779785156,44.81818771362305,44.81818771362305,44.81818771362305,47.89921188354492,47.89921188354492
Costa Rica,188,CRI,28,31,32,38,46,22,26,25,39,39,55.96045684814453,54.59681701660156,54.551361083984375,54.14136505126953,52.777732849121094,57.45954513549805,57.14136505126953,58.60818099975586,54.97182083129883,54.97182083129883
Cyprus,196,CYP,35,30,30,22,22,40,30,32,32,32,54.8636360168457,54.8636360168457,54.8636360168457,57.409088134765625,58.077274322509766,54.62273406982422,56.07727813720703,56.80455017089844,56.80455017089844,56.80455017089844
Czech Republic,203,CZE,79,80,72,80,79,82,91,98,78,78,48.23847579956055,48.23847579956055,49.92029571533203,48.88500213623047,49.06682205200195,48.24863815307617,47.56845474243164,46.341182708740234,48.932090759277344,48.932090759277344
Germany,276,DEU,16,11,13,13,16,16,16,10,9,9,60.84773635864258,62.62045669555664,61.58091354370117,62.21727752685547,60.58091354370117,61.262733459472656,61.11591339111328,63.343177795410156,63.20682144165039,63.20682144165039
Djibouti,262,DJI,53,41,49,62,107,111,119,124,124,124,52.04781723022461,52.70754623413086,52.343910217285156,51.11664581298828,43.889366149902344,43.889366149902344,44.10963821411133,44.10963821411133,44.10963821411133,44.10963821411133
Denmark,208,DNK,7,8,6,7,5,11,7,12,7,7,65.2086410522461,63.9359130859375,64.29954528808594,64.9359130859375,65.39727783203125,63.0790901184082,65.30636596679688,62.5790901184082,64.4881820678711,64.4881820678711
Dominican Republic,214,DOM,44,63,59,60,35,48,43,45,44,44,52.85518264770508,50.08245849609375,50.809730529785156,51.26305389404297,54.67213821411133,52.80849838256836,53.85395431518555,54.444862365722656,54.717594146728516,54.717594146728516
Algeria,12,DZA,110,105,105,111,109,104,116,132,138,138,44.37754821777344,44.37754821777344,44.37754821777344,44.37754821777344,43.559364318847656,44.44927215576172,44.44927215576172,42.2674560546875,42.2674560546875,42.2674560546875
Ecuador,218,ECU,92,98,104,99,103,87,108,92,75,75,46.89204406738281,45.39204406738281,44.39954376220703,45.85409164428711,45.08136749267578,47.89954376220703,45.34682083129883,47.02863693237305,49.66499710083008,49.66499710083008
Egypt,818,EGY,130,109,127,136,135,131,144,145,134,134,41.265708923339844,43.26570510864258,41.62934494018555,40.982479095458984,40.49945068359375,41.48699951171875,38.34600067138672,36.43690872192383,42.727272033691406,42.727272033691406
Spain,724,ESP,27,26,31,23,30,23,31,27,29,29,56.39364242553711,55.28727722167969,54.741825103759766,57.15091323852539,55.997276306152344,57.45182800292969,55.9063720703125,57.95182418823242,56.99728012084961,56.99728012084961
Estonia,233,EST,95,77,83,85,55,70,70,69,71,71,46.67338562011719,49.127933502197266,47.71884536743164,47.71884536743164,51.4251594543457,49.83424758911133,49.92515563964844,49.69788360595703,49.72811508178711,49.72811508178711
Ethiopia,231,ETH,120,119,120,126,122,124,134,135,120,120,42.17772674560547,42.17772674560547,42.17772674560547,42.350181579589844,42.350181579589844,42.350181579589844,42.71382141113281,41.350181579589844,44.48654556274414,44.48654556274414
Finland,246,FIN,14,15,15,11,10,13,15,11,11,11,60.86455154418945,60.86455154418945,60.86455154418945,63.13726806640625,63.198631286621094,62.380455017089844,62.15318298339844,62.698638916015625,62.81136703491211,62.81136703491211
France,250,FRA,19,24,37,28,26,41,52,48,49,49,58.72641372680664,55.908226013183594,53.68095779418945,55.72641372680664,56.90823745727539,54.52864074707031,52.11954879760742,53.66500473022461,53.7104606628418,53.7104606628418
Gabon,266,GAB,117,115,118,125,112,109,102,118,102,102,42.5,42.5,42.5,42.5,43.5128173828125,44.0128173828125,45.87645721435547,44.55827331542969,46.921913146972656,46.921913146972656
United Kingdom,826,GBR,12,12,11,10,11,10,13,13,12,12,61.38001251220703,61.83454895019531,62.289093017578125,63.80772399902344,62.716819763183594,63.21681594848633,62.762271881103516,62.353179931640625,62.216819763183594,62.216819763183594
Georgia,268,GEO,140,114,130,117,120,118,122,121,139,139,39.279273986816406,42.53236389160156,41.53236389160156,43.44145584106445,42.39600372314453,43.17308807373047,43.945274353027344,44.17254638671875,42.03618621826172,42.03618621826172
Ghana,288,GHA,32,55,62,35,57,76,60,79,89,89,55.11854934692383,51.298545837402344,50.525821685791016,54.38945770263672,51.207637786865234,49.50041198730469,51.273136138916016,48.31859588623047,48.09132385253906,48.09132385253906
Guinea,324,GIN,94,87,89,104,100,133,80,100,112,112,46.79050064086914,46.79050064086914,46.79050064086914,45.31818389892578,45.31818389892578,41.36363983154297,48.65777587890625,46.20323181152344,45.748680114746094,45.748680114746094
Greece,300,GRC,102,99,101,114,106,114,118,103,100,100,45.142730712890625,45.142730712890625,44.81454849243164,43.723636627197266,43.90545654296875,43.65773010253906,44.203182220458984,46.06682205200195,47.26681900024414,47.26681900024414
Guatemala,320,GTM,55,40,42,39,66,42,33,35,38,38,51.51881408691406,52.79155349731445,52.88246154785156,53.6097297668457,50.247371673583984,54.292823791503906,55.29281997680664,56.52009201049805,55.20191192626953,55.20191192626953
Guyana,328,GUY,36,32,33,33,34,39,38,43,43,43,54.54800033569336,54.54800033569336,54.54800033569336,54.54800033569336,54.696006774902344,54.696006774902344,54.696006774902344,54.696006774902344,54.861663818359375,54.861663818359375
Hong Kong,344,HKG,47,43,39,29,37,46,48,54,53,53,52.409088134765625,52.409088134765625,53.590904235839844,55.45454025268555,54.31817626953125,52.95454406738281,52.95454406738281,52.77272415161133,52.77272415161133,52.77272415161133
Honduras,340,HND,61,53,84,107,82,88,85,72,83,83,51.09429931640625,51.59429931640625,47.524658203125,44.75193405151367,48.25193405151367,47.75193405151367,48.181182861328125,49.4084587097168,48.40845489501953,48.40845489501953
Croatia,191,HRV,123,124,124,124,128,135,135,106,113,113,41.84550476074219,41.84550476074219,41.84550476074219,42.6636848449707,41.43007278442383,41.157344818115234,42.157344818115234,45.9300651550293,45.61188507080078,45.61188507080078
Hungary,348,HUN,76,81,78,89,74,62,53,101,114,114,48.616817474365234,48.20772933959961,48.20772933959961,47.10818099975586,49.28999710083008,50.835453033447266,52.10818099975586,46.129093170166016,45.58363723754883,45.58363723754883
Indonesia,360,IDN,65,73,35,46,17,21,22,23,14,14,50.803680419921875,49.48550033569336,53.85868453979492,52.67686080932617,60.313232421875,57.813232421875,59.085960388183594,59.607017517089844,61.87975311279297,61.87975311279297
India,356,IND,142,137,113,121,141,129,100,107,84,84,38.78030014038086,40.598480224609375,42.92097854614258,42.69370651245117,40.05733871459961,41.51188659667969,46.193702697753906,45.91272735595703,48.367271423339844,48.367271423339844
Ireland,372,IRL,8,7,7,3,2,7,6,9,10,10,65.0013656616211,65.0013656616211,64.00137329101562,66.5013656616211,67.09318542480469,64.59318542480469,65.3204574584961,64.04772186279297,63.093177795410156,63.093177795410156
Iran,364,IRN,83,96,98,103,60,60,54,65,74,74,47.81818389892578,45.5406379699707,45.42820739746094,45.42820739746094,50.88275146484375,51.074092864990234,52.074092864990234,51.074092864990234,49.66500473022461,49.66500473022461
Iraq,368,IRQ,114,111,102,129,138,138,68,61,62,62,43.034523010253906,43.034523010253906,44.8072509765625,41.5709114074707,40.29818344116211,40.61636734008789,50.025455474853516,51.382911682128906,51.24654769897461,51.24654769897461
Iceland,352,ISL,9,9,8,9,8,12,4,4,5,5,63.89091110229492,63.89091110229492,63.96000289916992,63.96000289916992,63.96000289916992,62.91455078125,66.0199966430664,66.0199966430664,65.33818054199219,65.33818054199219
Israel,376,ISR,57,62,50,73,61,52,51,71,46,46,51.35636901855469,50.129093170166016,52.21709060668945,49.85345458984375,50.808006286621094,52.23709487915039,52.4643669128418,49.50981903076172,54.266910552978516,54.266910552978516
Italy,380,ITA,29,38,24,50,41,20,50,49,51,51,55.937278747558594,53.02454376220703,56.75181579589844,52.388179779052734,53.7518196105957,57.888187408447266,52.55409622192383,53.5540885925293,53.00864028930664,53.00864028930664
Jamaica,388,JAM,46,42,44,45,52,50,40,34,34,34,52.6990966796875,52.6990966796875,52.6990966796875,52.6990966796875,52.38689041137695,52.38689041137695,54.250526428222656,56.75052261352539,56.75052261352539,56.75052261352539
Jordan,400,JOR,105,110,94,88,91,106,89,108,68,68,44.99545669555664,43.177276611328125,46.31364059448242,47.115909576416016,46.525001525878906,44.2977294921875,47.80795669555664,45.85340881347656,50.580684661865234,50.580684661865234
Japan,392,JPN,56,76,77,56,54,64,78,88,101,101,51.4754524230957,49.29364013671875,48.375911712646484,51.78499984741211,51.55772399902344,50.469093322753906,49.060001373291016,47.48455047607422,46.98454284667969,46.98454284667969
Kazakhstan,398,KAZ,129,130,117,118,117,85,132,113,109,109,41.30372619628906,41.03099822998047,42.531005859375,43.39463424682617,42.62191390991211,48.094905853271484,42.822181701660156,45.36763381958008,46.413089752197266,46.413089752197266
Kenya,404,KEN,30,45,41,48,38,36,17,17,17,17,55.623931884765625,52.26029586791992,52.942108154296875,52.55368423461914,54.28095626831055,55.00823211669922,60.75520324707031,60.573387145996094,61.48248291015625,61.48248291015625
Kyrgyzstan,417,KGZ,98,104,107,84,99,96,112,50,47,47,45.63090896606445,44.76727294921875,43.83454132080078,47.80059051513672,45.36825180053711,45.95915985107422,44.82279586791992,53.55006408691406,54.23188781738281,54.23188781738281
Cambodia,116,KHM,125,116,93,79,68,105,110,117,95,95,41.72418212890625,42.41482162475586,46.414817810058594,49.14208984375,50.14209747314453,44.36936569213867,44.95882034301758,44.73154830932617,47.73154830932617,47.73154830932617
South Korea,410,KOR,91,100,90,74,81,79,90,104,105,105,47.044639587402344,45.109500885009766,46.609500885009766,49.83677673339844,48.65495681762695,48.719730377197266,47.58336639404297,45.99245834350586,46.76518249511719,46.76518249511719
Kuwait,414,KWT,25,23,25,31,31,29,37,33,35,35,56.4903678894043,56.26870346069336,56.265907287597656,55.220455169677734,55.947731018066406,56.22407150268555,54.990230560302734,56.76295852661133,56.581138610839844,56.581138610839844
Laos,418,LAO,49,27,27,32,25,55,56,59,60,60,52.36199951171875,54.95291519165039,54.95291519165039,54.95291519165039,56.952430725097656,51.497886657714844,51.497886657714844,51.497886657714844,51.497886657714844,51.497886657714844
Lebanon,422,LBN,64,94,91,101,104,107,109,125,129,129,50.82617950439453,45.91709518432617,46.5538215637207,45.64472961425781,45.0538215637207,44.14473342895508,45.14472961425781,43.63636779785156,43.63636779785156,43.63636779785156
Liberia,430,LBR,45,59,64,25,32,34,81,67,96,96,52.781455993652344,50.417823791503906,50.417823791503906,56.78145217895508,55.19599914550781,55.19599914550781,48.51417922973633,50.69600296020508,47.69599914550781,47.69599914550781
Libya,434,LBY,39,35,38,40,43,37,36,44,54,54,53.590911865234375,53.590911865234375,53.590911865234375,53.590911865234375,53.590911865234375,54.99045944213867,54.99045944213867,54.53955078125,52.76681900024414,52.76681900024414
Sri Lanka,144,LKA,63,36,23,27,29,25,24,26,19,19,50.853092193603516,53.35308837890625,56.7713623046875,56.71904754638672,56.49177551269531,57.355411529541016,58.1735954284668,58.17359161376953,61.18218231201172,61.18218231201172
Lesotho,426,LSO,80,82,80,82,83,83,82,80,90,90,48.18636703491211,48.18636703491211,48.18636703491211,48.18636703491211,48.18636703491211,48.228912353515625,48.228912353515625,48.228912353515625,48.088592529296875,48.088592529296875
Lithuania,440,LTU,143,144,147,146,137,139,142,140,125,125,37.81999969482422,38.026817321777344,36.20863723754883,37.435909271240234,40.345001220703125,40.587730407714844,40.36045837402344,39.95136642456055,44.087730407714844,44.087730407714844
Luxembourg,442,LUX,11,13,12,15,14,18,47,19,23,23,61.6218147277832,61.6218147277832,61.58772659301758,61.633182525634766,61.08772659301758,60.496826171875,53.052276611328125,60.052276611328125,58.91591262817383,58.91591262817383
Latvia,428,LVA,96,86,95,96,80,89,77,82,94,94,46.267364501953125,47.176456451416016,46.13099670410156,46.284000396728516,48.70640563964844,47.38822937011719,49.115501403808594,47.99636459350586,47.814544677734375,47.814544677734375
Morocco,504,MAR,121,120,121,127,140,147,143,144,144,144,42.06364059448242,42.06364059448242,42.06364059448242,42.06364059448242,40.164546966552734,38.11909103393555,38.93727493286133,38.755455017089844,39.75545883178711,39.75545883178711
Moldova,498,MDA,100,88,106,106,101,108,127,131,123,123,45.436275482177734,46.61809158325195,43.992340087890625,45.05461502075195,45.23643112182617,44.05461502075195,43.418251037597656,42.31863784790039,44.18227005004883,44.18227005004883
Madagascar,450,MDG,132,131,139,144,142,112,96,87,115,115,41.03096008300781,41.03096008300781,39.95136260986328,38.40909194946289,39.727272033691406,43.77273178100586,46.634910583496094,47.753456115722656,45.48073196411133,45.48073196411133
Mexico,484,MEX,85,91,79,78,98,80,98,96,126,126,47.72772979736328,46.31863784790039,48.18859100341797,49.41586685180664,45.415863037109375,48.691139221191406,46.463863372802734,46.463863372802734,44.054771423339844,44.054771423339844
Macedonia,807,MKD,119,117,119,134,115,128,83,74,119,119,42.19004821777344,42.2768440246582,42.2768440246582,41.14047622680664,42.78663635253906,41.604820251464844,48.19572830200195,48.855953216552734,44.674137115478516,44.674137115478516
Mali,466,MLI,111,106,110,98,88,116,105,91,98,98,44.289161682128906,44.289161682128906,43.24370574951172,45.880069732666016,47.10734558105469,43.4588623046875,45.496822357177734,47.133182525634766,47.54227828979492,47.54227828979492
Malta,470,MLT,15,16,16,19,20,15,10,7,8,8,60.850006103515625,60.74091339111328,60.74091339111328,59.37727737426758,59.513641357421875,61.33182144165039,63.90682601928711,64.31591033935547,63.77045440673828,63.77045440673828
Montenegro,499,MNE,106,102,103,123,119,130,126,84,117,117,44.974891662597656,44.974891662597656,44.72184371948242,42.6763916015625,42.44911193847656,41.5014533996582,43.546913146972656,47.910545349121094,45.319637298583984,45.319637298583984
Mongolia,496,MNG,84,58,61,54,42,49,32,39,30,30,47.76545715332031,50.60499954223633,50.60499954223633,51.923187255859375,53.65045166015625,52.647274017333984,55.420005798339844,55.41999816894531,56.920005798339844,56.920005798339844
Mozambique,508,MOZ,93,103,100,105,96,98,104,110,87,87,46.87522888183594,44.78432083129883,45.060455322265625,45.060455322265625,45.56045913696289,45.56045913696289,45.56045913696289,45.7104606628418,48.2104606628418,48.2104606628418
Mauritania,478,MRT,97,93,70,47,76,90,124,97,82,82,46.029232025146484,46.01693344116211,49.94527816772461,52.62709426879883,49.21800231933594,47.08163833618164,43.84363555908203,46.434547424316406,48.61636734008789,48.61636734008789
Mauritius,480,MUS,23,22,22,26,28,27,29,42,40,40,56.92046356201172,56.92046356201172,56.92046356201172,56.764556884765625,56.764556884765625,56.764556884765625,56.764556884765625,54.927730560302734,54.927730560302734,54.927730560302734
Malawi,454,MWI,50,47,34,34,71,73,93,77,110,110,52.233821868896484,52.233821868896484,54.459999084472656,54.459999084472656,49.5509147644043,49.687278747558594,47.36909103393555,48.59345626831055,46.366180419921875,46.366180419921875
Malaysia,458,MYS,60,70,56,64,62,53,14,21,33,33,51.13795852661133,49.62690734863281,51.62690734863281,50.763267517089844,50.67236328125,51.899635314941406,62.31236267089844,59.846824645996094,56.75591278076172,56.75591278076172
Namibia,516,NAM,48,44,48,49,51,78,76,53,50,50,52.40217971801758,52.40217971801758,52.40217971801758,52.40217971801758,52.40217971801758,49.31818389892578,49.31818389892578,53.02727127075195,53.02727127075195,53.02727127075195
Niger,562,NER,108,122,88,116,86,93,92,115,108,108,44.715274810791016,41.94254684448242,47.210662841796875,43.45615768432617,47.42618179321289,46.47163772583008,47.56254577636719,44.92618179321289,46.42618179321289,46.42618179321289
Nigeria,566,NGA,40,34,60,30,67,43,73,58,59,59,53.47835922241211,53.614723205566406,50.75109100341797,55.43291473388672,50.18464279174805,53.91191101074219,49.68463897705078,51.821006774902344,51.51640701293945,51.51640701293945
Nicaragua,558,NIC,43,65,86,90,95,63,58,60,55,55,52.92698287963867,50.017887115478516,47.33606719970703,47.017887115478516,45.86979675292969,50.824344635009766,51.415252685546875,51.415252685546875,52.55161666870117,52.55161666870117
Netherlands,528,NLD,6,5,3,5,7,6,9,8,13,13,65.2431869506836,66.15227508544922,66.15227508544922,65.38182830810547,64.15454864501953,64.88909149169922,64.02545928955078,64.11637115478516,62.0709114074707,62.0709114074707
Norway,578,NOR,10,10,9,12,12,8,8,6,6,6,62.701820373535156,62.701820373535156,62.65318298339844,62.65318298339844,62.65318298339844,64.06227111816406,64.14682006835938,65.01045989990234,65.055908203125,65.055908203125
Nepal,524,NPL,126,97,141,128,143,97,99,102,67,67,41.6363639831543,45.43782043457031,39.43781661987305,41.84690856933594,39.57418441772461,45.574180603027344,46.43782424926758,46.07418441772461,50.75600814819336,50.75600814819336
New Zealand,554,NZL,3,4,2,2,3,2,1,1,1,1,66.92227935791016,66.93000030517578,66.93000030517578,67.11181640625,66.64590454101562,66.64590454101562,67.73681640625,68.45227813720703,68.9522705078125,68.9522705078125
Oman,512,OMN,59,56,58,61,58,59,64,64,66,66,51.194095611572266,51.194095611572266,51.194095611572266,51.194095611572266,51.194095611572266,51.194095611572266,51.194095611572266,51.194095611572266,50.909095764160156,50.909095764160156
Pakistan,586,PAK,146,147,145,109,136,121,117,139,137,137,35.094547271728516,34.882389068603516,37.655113220214844,44.392730712890625,40.43818283081055,42.66545867919922,44.43531799316406,40.61713790893555,42.2989501953125,42.2989501953125
Panama,591,PAN,33,33,47,42,53,31,28,37,26,26,55.06621170043945,53.6571159362793,52.43397903442383,53.29761505126953,51.979434967041016,55.979434967041016,56.7976188659668,56.201385498046875,57.70138931274414,57.70138931274414
Peru,604,PER,86,83,97,93,105,94,94,105,69,69,47.601226806640625,47.91940689086914,45.783050537109375,46.601226806640625,44.93336486816406,46.25154495239258,46.93336486816406,45.978816986083984,50.34245681762695,50.34245681762695
Philippines,608,PHL,26,20,26,20,18,14,19,21,21,21,56.423274993896484,58.105098724365234,56.150550842285156,59.021915435791016,60.249183654785156,62.021915435791016,60.11955261230469,59.846824645996094,59.5740966796875,59.5740966796875
Poland,616,POL,81,75,75,58,85,68,97,68,85,85,48.176368713378906,49.40364456176758,48.858184814453125,51.676361083984375,47.678184509277344,49.86000061035156,46.63273239135742,50.54181671142578,48.36000061035156,48.36000061035156
Portugal,620,PRT,62,57,45,63,65,44,42,40,42,42,51.057273864746094,51.057273864746094,52.621822357177734,51.07636260986328,50.27409362792969,53.910457611083984,54.137725830078125,55.410457611083984,54.8650016784668,54.8650016784668
Paraguay,600,PRY,70,72,87,57,24,33,57,93,76,76,49.93717956542969,49.542362213134766,47.26963806152344,51.72418212890625,57.406002044677734,55.315093994140625,51.492183685302734,46.85581970214844,49.35581970214844,49.35581970214844
Qatar,634,QAT,31,25,21,24,27,26,25,36,36,36,55.59090805053711,55.59090805053711,57.27273178100586,56.90909194946289,56.772727966308594,57.227272033691406,57.227272033691406,56.50000762939453,56.50000762939453,56.50000762939453
Romania,642,ROU,128,136,132,137,127,115,121,114,97,97,41.43566131591797,40.60182189941406,41.10182189941406,40.64727783203125,41.60182189941406,43.62145233154297,43.98508834838867,45.303279876708984,47.57600402832031,47.57600402832031
Russia,643,RUS,115,132,129,120,129,134,136,119,116,116,42.9816780090332,41.02713394165039,41.572593688964844,43.25440979003906,41.23045349121094,41.32136535644531,42.0031852722168,44.50318145751953,45.366817474365234,45.366817474365234
Rwanda,646,RWA,136,135,126,130,125,100,75,81,99,99,40.58036422729492,40.61249923706055,41.703407287597656,41.47954559326172,41.93408966064453,44.888641357421875,49.344547271728516,48.16272735595703,47.3900032043457,47.3900032043457
Saudi Arabia,682,SAU,67,101,81,70,89,86,44,56,45,45,50.3636360168457,45.04545211791992,47.909088134765625,50.1363639831543,46.95454788208008,48.000003814697266,53.772727966308594,52.590911865234375,54.40909194946289,54.40909194946289
Serbia,688,SCG,133,133,134,131,126,110,130,122,127,127,40.932411193847656,40.96432113647461,40.96432113647461,41.32795715332031,41.73704528808594,43.95423126220703,43.18149948120117,44.17186737060547,44.03550338745117,44.03550338745117
Sudan,729,SDN,34,28,28,36,49,69,71,94,107,107,54.90909957885742,54.90909957885742,54.90909957885742,54.3090934753418,52.62726974487305,49.845458984375,49.845458984375,46.845455169677734,46.49636459350586,46.49636459350586
Senegal,686,SEN,71,64,76,75,114,75,79,51,77,77,49.751705169677734,50.02443313598633,48.660797119140625,49.79716110229492,42.88806915283203,49.64406967163086,49.00770950317383,53.5077018737793,49.280433654785156,49.280433654785156
Singapore,702,SGP,24,54,57,77,92,58,63,41,31,31,56.754737854003906,51.572914123535156,51.254730224609375,49.663822174072266,46.512367248535156,51.19417953491211,51.19417953491211,55.376007080078125,56.83055114746094,56.83055114746094
Sierra Leone,694,SLE,21,29,29,44,47,47,65,29,65,65,57.61045837402344,54.883182525634766,54.883182525634766,52.74681854248047,52.74681854248047,52.88127136230469,51.017635345458984,57.38127136230469,51.06309127807617,51.06309127807617
El Salvador,222,SLV,99,95,111,113,110,99,95,112,88,88,45.621639251708984,45.667091369628906,43.10100173950195,43.782814025878906,43.555545806884766,45.010093688964844,46.69190979003906,45.41918182373047,48.1508674621582,48.1508674621582
Suriname,740,SUR,66,60,65,59,56,56,59,62,61,61,50.409549713134766,50.409549713134766,50.409549713134766,51.31398010253906,51.31398010253906,51.31398010253906,51.31398010253906,51.31398010253906,51.31398010253906,51.31398010253906
Slovakia,703,SVK,89,85,85,86,72,81,84,78,86,86,47.4849967956543,47.4849967956543,47.4849967956543,47.67454528808594,49.53818130493164,48.27772521972656,48.18681716918945,48.36863708496094,48.27772521972656,48.27772521972656
Slovenia,705,SVN,20,18,19,17,15,19,21,20,22,22,58.25636291503906,58.36818313598633,58.36818313598633,61.140907287597656,60.70908737182617,58.89091491699219,59.25454330444336,59.85137176513672,59.26046371459961,59.26046371459961
Sweden,752,SWE,17,17,18,14,19,17,20,14,18,18,59.81772994995117,59.090457916259766,59.681373596191406,61.7104606628418,59.98318862915039,60.98318862915039,59.5740966796875,61.94591522216797,61.309547424316406,61.309547424316406
Swaziland,748,SWZ,72,68,73,76,70,74,74,70,73,73,49.68182373046875,49.68182373046875,49.68182373046875,49.68182373046875,49.68182373046875,49.68182373046875,49.68182373046875,49.68182373046875,49.68182373046875,49.68182373046875
Chad,148,TCD,148,138,143,135,113,142,147,143,132,132,32.68000411987305,40.54363250732422,38.9981803894043,41.09090805053711,43.25636291503906,40.029090881347656,37.84727096557617,39.34727478027344,43.07454299926758,43.07454299926758
Togo,768,TGO,149,149,149,149,149,149,149,148,146,146,27.385271072387695,27.385271072387695,27.385271072387695,27.771270751953125,30.27127456665039,30.27127456665039,29.92836570739746,35.064727783203125,39.42836380004883,39.42836380004883
Thailand,764,THA,22,21,17,18,21,24,23,31,28,28,57.15134048461914,56.95259475708008,60.31623458862305,61.08896255493164,59.126163482666016,57.4443473815918,58.717079162597656,57.01711654663086,57.06257247924805,57.06257247924805
Tajikistan,762,TJK,103,108,109,102,94,95,87,90,81,81,45.07411575317383,43.48320388793945,43.48320388793945,45.62700271606445,45.94517517089844,46.21791076660156,47.89973068237305,47.2179069519043,48.80454635620117,48.80454635620117
Trinidad and Tobago,780,TTO,54,52,54,55,33,38,18,18,20,20,51.683189392089844,51.683189392089844,51.683189392089844,51.83863830566406,54.702274322509766,54.702274322509766,60.20227813720703,60.20227813720703,60.20227813720703,60.20227813720703
Tunisia,788,TUN,68,61,69,81,116,145,120,141,136,136,50.13286590576172,50.13286590576172,50.17363357543945,48.21908950805664,42.703636169433594,38.581817626953125,44.050907135009766,39.69615936279297,42.37797927856445,42.37797927856445
Turkey,792,TUR,104,140,128,110,130,119,115,89,104,104,45.07329559326172,40.3914794921875,41.618751525878906,44.3914794921875,41.055023193359375,43.00956726074219,44.645931243896484,47.26970672607422,46.81515884399414,46.81515884399414
Tanzania,834,TZA,101,50,36,65,75,66,106,99,70,70,45.288089752197266,51.78809356689453,53.69718551635742,50.625938415527344,49.26230239868164,50.398658752441406,45.489566802978516,46.30775451660156,50.12129592895508,50.12129592895508
Uganda,800,UGA,58,90,68,52,44,45,39,55,48,48,51.254547119140625,46.345455169677734,50.20909118652344,52.254547119140625,53.576385498046875,53.44002151489258,54.39456558227539,52.75820541381836,53.80366516113281,53.80366516113281
Ukraine,804,UKR,141,141,144,115,118,125,137,128,135,135,39.1238899230957,40.169342041015625,37.85116195678711,43.52836608886719,42.52836608886719,42.223636627197266,41.99636459350586,42.71336364746094,42.486087799072266,42.486087799072266
Uruguay,858,URY,77,71,55,69,48,35,41,46,27,27,48.5281867980957,49.61909484863281,51.677734375,50.177730560302734,52.677734375,55.13227462768555,54.22318649291992,54.164546966552734,57.573638916015625,57.573638916015625
United States,840,USA,5,1,4,4,6,1,2,3,4,4,65.75090789794922,67.37999725341797,65.24363708496094,66.20863342285156,65.072265625,67.04318237304688,67.54318237304688,66.08863830566406,65.4522705078125,65.4522705078125
Venezuela,862,VEN,73,107,99,94,93,84,131,120,130,130,49.63386535644531,43.5429573059082,45.265499114990234,46.55668258666992,45.96577453613281,48.10213851928711,43.022457122802734,44.34063720703125,43.613365173339844,43.613365173339844
Vietnam,704,VNM,82,78,108,122,87,120,88,73,58,58,47.906639099121094,48.90663528442383,43.58845520019531,42.679359436035156,47.314842224121094,42.769386291503906,47.86030197143555,49.223934173583984,51.5421142578125,51.5421142578125
Yemen,887,YEM,118,118,135,139,148,148,148,149,148,148,42.22690963745117,42.22690963745117,40.86363220214844,40.181819915771484,35.90909194946289,35.6363639831543,33.86363220214844,34.8636360168457,35.818180084228516,35.818180084228516
South Africa,710,ZAF,90,69,66,72,63,61,35,30,37,37,47.176979064941406,49.63152313232422,50.3834114074707,49.88341522216797,50.6561393737793,50.83795928955078,55.019779205322266,57.354820251464844,55.80936813354492,55.80936813354492
Zambia,894,ZMB,87,67,63,67,40,54,61,66,92,92,47.54795837402344,49.77859115600586,50.460411071777344,50.460411071777344,53.981929779052734,51.75465774536133,51.254661560058594,50.93647766113281,47.981937408447266,47.981937408447266
Zimbabwe,716,ZWE,113,127,112,87,64,91,86,86,103,103,43.331729888916016,41.51104736328125,43.065704345703125,47.33843231201172,50.56570816040039,46.70207595825195,48.02577209472656,47.79850387573242,46.88941192626953,46.88941192626953
